{"chunk_definitions":[{"row":11,"row_count":1,"visible":true,"expansion_state":0,"options":{"engine":"r","label":"setup","include":false,"dev":"png"},"document_id":"539A66F0","chunk_id":"csetup_chunk","chunk_label":"setup"},{"row":150,"row_count":1,"visible":true,"expansion_state":0,"options":{"engine":"r","label":"unnamed-chunk-10","dev":"png"},"document_id":"539A66F0","chunk_id":"cjdnb3jypxlek","chunk_label":"unnamed-chunk-1"},{"row":168,"row_count":1,"visible":true,"expansion_state":0,"options":{"engine":"r","label":"unnamed-chunk-9","dev":"png"},"document_id":"539A66F0","chunk_id":"ch99ulnhyy43l","chunk_label":"unnamed-chunk-2"},{"row":199,"row_count":1,"visible":true,"expansion_state":0,"options":{"engine":"r","label":"unnamed-chunk-11","dev":"png"},"document_id":"539A66F0","chunk_id":"conu6vriop6cv","chunk_label":"unnamed-chunk-3"}],"doc_write_time":1713390742,"working_dir":null,"default_chunk_options":{"echo":true}}